claimID,owner,content,explanation,target,selectorPhrase,revision
scenario_2,drafterAgent,"GreenCart GmbH runs a subscription grocery-delivery service in Germany. Sofia signs up online for a weekly “family box.” During checkout, GreenCart collects her name, delivery address, email, phone number, chosen delivery slot, and subscription plan. It also stores an order history so Sofia can manage pauses and refunds under the subscription terms. To take payment, GreenCart sends Sofia’s card details to a payment service provider, which returns a payment token; GreenCart stores only the token and transaction reference to charge recurring payments and handle chargebacks.

To deliver the box, GreenCart shares Sofia’s name, address, phone number, and delivery instructions with its contracted courier, and sends SMS delivery notifications. Separately, GreenCart retains invoice data (name, address, items, VAT, invoice number, and payment references) for 10 years to comply with German tax/accounting retention requirements, and restricts access to the finance team.

GreenCart also offers an optional “Dietary preferences” field. Sofia enters “severe nut allergy.” GreenCart uses this information to filter products and display allergy warnings in her account. The field is marked optional and can be left blank; core ordering and delivery still work without it.

Yes/No Question:
Is GreenCart’s processing of (i) account, delivery, and payment-token data, (ii) invoice retention data, and (iii) the optional nut-allergy preference lawful under GDPR Article 6 (i.e., does at least one legal basis in Art. 6(1)(a)-(f) apply to each purpose)?",,article_6,,
scenario_6,drafterAgent,"A mid-sized EU online pharmacy, MediCart GmbH (based in Munich), sells prescription refills and over-the-counter products through its website and mobile app. A customer, Sofia, creates an account to order a recurring 30‑day refill for hypertension medication. During checkout, MediCart collects Sofia’s name, delivery address, date of birth (to verify age and match prescriptions), prescription ID, medication details, payment card token (stored by a payment processor), and contact information.  

To reduce fraud and failed deliveries, MediCart also runs an automated “address and identity verification” step. It sends Sofia’s name, address, date of birth, device ID, IP address, and order history to a third‑party verification vendor. The vendor returns a risk score and a “verified/not verified” result that MediCart stores for 18 months. This verification runs by default for all orders above €50, including recurring refills, and Sofia cannot opt out without canceling the purchase. MediCart’s privacy notice states that verification is used to “secure transactions and prevent misuse,” but it does not request explicit consent for this vendor sharing.  

MediCart argues it must perform verification to safely deliver controlled medicines and prevent chargebacks, and that processing is necessary to fulfill the customer’s order. Sofia complains that sharing her data with the vendor is excessive and not required for delivering the medication.

Yes/No Question:  
Under GDPR Article 6, is MediCart’s sharing of Sofia’s data with the verification vendor lawful without her explicit consent because it is necessary for contract performance or legitimate interests?",,article_6,,
scenario_10,drafterAgent,"A UK-based online pharmacy, MedCart Ltd., sells over-the-counter allergy medicines through its website to EU customers. Sofia (in Spain) places an order for antihistamine tablets and requests home delivery. To process the purchase, MedCart collects Sofia’s name, delivery address, email, phone number, items ordered, delivery instructions, and payment token. It sends the payment token and order amount to a payment service provider to charge her card and sends her name, address, and phone number to a courier to deliver the parcel. MedCart stores order confirmations and invoices for 7 years to comply with UK tax/accounting recordkeeping obligations and to respond to possible chargebacks.

Separately, MedCart runs basic fraud-prevention: it logs Sofia’s IP address, device ID, and attempted payment history, and uses a rules-based tool to flag unusually high quantities or repeated failed payments. Flagged orders are reviewed by staff; if the order is blocked, Sofia is notified and can contact support. MedCart documents a legitimate-interests assessment concluding the fraud checks are necessary to protect its and the payment provider’s interests, limited to what is needed, retained for 90 days, and unlikely to override Sofia’s rights given transparency, opt-out where feasible, and minimal impact.

MedCart does not use Sofia’s data for marketing unless she separately ticks an optional consent box.

Yes/No Question:
Is MedCart’s processing of Sofia’s personal data lawful under GDPR Article 6 because at least one lawful basis applies to each processing purpose (contract performance, legal obligation, or legitimate interests after balancing)?",,article_6,,
scenario_30,drafterAgent,"A Germany-based online pharmacy (“MediShip GmbH”) offers a monthly home-delivery subscription for repeat prescriptions (e.g., asthma inhalers). Customers create an account and upload an ePrescription token or a scanned prescription. MediShip processes: identity and contact details, delivery address, date of birth (to verify eligibility), prescription details (medicine name, dosage, prescribing doctor, refill quantity), payment data (SEPA mandate or card token), and order history. The pharmacy transmits necessary prescription and delivery data to (i) a licensed partner wholesaler for fulfillment, (ii) a payment service provider to charge the monthly fee, and (iii) a parcel carrier for delivery tracking. 

MediShip retains dispensing records, pharmacist verification logs, and invoice data for 10 years to meet pharmacy, tax, and medicines-traceability obligations under German law and EU rules. It also runs automated checks to detect duplicate prescriptions and suspicious ordering patterns to prevent fraud and ensure patient safety. Optional fields (phone number) are used only for delivery issues; marketing emails are sent only if the customer opts in. MediShip does not rely on “legitimate interests” for core dispensing because it is a regulated activity; instead it maps each purpose to a legal basis (contract performance for subscription fulfillment and payment; legal obligation for mandatory record-keeping and regulatory reporting). Prescription data is treated as health data and handled with restricted access.

Yes/No Question:
Is MediShip’s processing of customer account, payment, and prescription/dispensing data lawful under GDPR Article 6 because at least one legal basis (e.g., contract necessity and/or legal obligation) applies to each processing purpose?",,article_6,,
scenario_32,drafterAgent,"A Berlin-based meal-kit company, FreshBox GmbH, runs an online subscription service. A customer, Lara, selects a weekly plan and enters her name, delivery address, phone number, and preferred delivery window. FreshBox uses these details to confirm the order, assign a courier, send delivery updates by SMS, and handle customer support tickets. FreshBox stores invoices and payment confirmations for 10 years to meet German tax/accounting retention rules.  

During checkout, FreshBox shows an optional section titled “Allergies/medical dietary needs (optional).” The page explains: “If you provide allergy or medical dietary information, we will use it to tailor ingredient substitutions and to flag allergens on packing labels.” Lara types “celiac disease (gluten-free)” and submits the order. The checkbox next to this field says: “I explicitly consent to FreshBox processing my health-related information for dietary customization,” with a link to a privacy notice describing purposes, retention (deleted after 6 months), and withdrawal (via account settings). The allergy data is stored in a separate database table with restricted staff access, and is shared only with the contracted packaging partner for label printing.  

FreshBox also logs IP address, device ID, and failed payment attempts to detect fraud and account takeover; these logs are retained for 30 days and are not used for marketing.

Yes/No Question:  
For each purpose described (order fulfillment, invoice retention, dietary customization using health data, and fraud prevention), does FreshBox have at least one lawful basis under GDPR Article 6 to process Lara’s personal data?",,article_6,,
scenario_39,drafterAgent,"A mid-sized online pharmacy in Germany, “MediDirect GmbH,” sells prescription and over‑the‑counter medicines through its website and app. A customer, Anna, creates an account and orders a prescription asthma inhaler. To fulfill the order, MediDirect collects and processes her name, delivery address, date of birth (to verify age), prescription details, and payment information. The company also stores order history in her account so she can track shipments and request refills.

MediDirect contracts with a logistics provider to deliver parcels and shares Anna’s name, address, and phone number for delivery notifications. The pharmacy’s payment processor receives Anna’s card details and billing address. Separately, MediDirect retains invoice and transaction records (including Anna’s name, address, items purchased, and totals) for 10 years to comply with German tax and accounting retention requirements. Access to prescription data is restricted to licensed pharmacists, and all data transfers to processors are covered by written data processing agreements.

Anna later contacts support and says she never explicitly checked a box consenting to “data processing,” and she requests deletion of all her data immediately, including prescription and invoice records. MediDirect explains that it cannot delete certain records because they are needed to complete the sale and to meet statutory retention obligations, but it can delete optional marketing preferences (she is not subscribed to marketing).

Yes/No Question:  
Is MediDirect’s processing of Anna’s personal data for order fulfillment and legally required record retention lawful under GDPR Article 6 even without explicit consent?",,article_6,,
scenario_54,drafterAgent,"A mid-sized logistics company in Germany (“NordHaul GmbH,” 650 employees) introduces a new “Fit-to-Work” program to reduce accidents in its warehouse. The company contracts an occupational health provider to perform annual medical checks for forklift operators and night-shift staff. During the check, the provider collects employees’ blood pressure, medication list, sleep disorder indicators, and results from a drug screening panel. The provider also takes a fingerprint scan to verify that the right employee is attending the appointment and to prevent identity fraud. These results are uploaded to NordHaul’s HR portal.

NordHaul’s HR team can view detailed test results and is instructed to flag employees as “cleared,” “restricted duties,” or “unfit,” and to schedule follow-up appointments. The company keeps the full medical reports for five years “in case of future claims.” Employees are told the checks are mandatory; refusing may lead to reassignment. The only notice provided is a short email stating the program is “for safety,” without mentioning GDPR Article 9 data, legal basis, or who will access the data. No explicit consent is collected. The company’s works council was informed but did not approve specific data access controls. The occupational health provider is paid per report and has no separate system for storing data outside NordHaul’s portal.

Yes/No Question:  
Under GDPR Article 9, is NordHaul allowed to process and store employees’ detailed medical and biometric (fingerprint) data in its HR portal without explicit consent, relying solely on workplace safety needs?",,article_9,,
scenario_57,drafterAgent,"A mid-sized logistics company in Germany (“NordShip GmbH,” 1,200 employees) introduces a new “SafeLift” program to reduce warehouse injuries. HR contracts an occupational health clinic to run voluntary medical screenings at two distribution centers. During the screening, the clinic collects employees’ blood pressure, past musculoskeletal injuries, medication use, and doctor notes about fitness to perform heavy lifting (health data). To prevent “buddy punching,” NordShip also replaces badge swipes with fingerprint scanners at the warehouse entrances (biometric data used for identification).

The clinic sends NordShip a monthly spreadsheet listing each screened employee by name, their detailed medical findings, and a recommended work restriction (e.g., “no lifting over 15kg for 6 weeks”). NordShip uploads the spreadsheet into its HR system, where line managers can view it to plan shifts. Separately, the fingerprint templates are stored by NordShip’s security vendor in a cloud database and retained for five years after employment ends. Employees are told participation in the medical screening is “voluntary,” but managers strongly encourage it and suggest it will be considered in performance reviews. The company has not obtained explicit consent for either the medical data transfer to managers or the fingerprint system; it relies on “workplace safety” and “efficiency.” No data protection impact assessment has been completed.

Yes/No Question:  
Under GDPR Article 9, is NordShip allowed to process and share these employees’ health details and fingerprint-based biometric identifiers without explicit consent, based solely on general workplace safety and efficiency reasons?",,article_9,,
scenario_58,drafterAgent,"A German automotive parts manufacturer (“AutoForge GmbH”) runs a mandatory “fit-for-work” program for employees assigned to high-risk chemical handling. Before being scheduled, each employee must complete an online medical questionnaire hosted by a cloud HR vendor. The questionnaire asks about chronic illnesses (e.g., asthma), current medications, past mental-health treatment, pregnancy status, and recent sick leave patterns. Employees must also upload a physician-issued “fitness certificate” stating whether they are fit, fit with restrictions, or unfit for specific tasks. The HR vendor stores the full questionnaire and certificate in the EU for 24 months and provides dashboards to AutoForge’s HR team and line managers.

AutoForge wants to use the detailed answers to: (1) decide who can work in solvent areas, (2) set individual shift limits, and (3) flag employees for follow-up interviews. Line managers can see the underlying diagnoses and medications in the dashboard. Participation is compulsory; refusing the questionnaire leads to removal from the role. AutoForge does not cite a specific German legal provision authorizing HR to view diagnostic details, and the processing is not limited to an occupational physician. No explicit, separate consent is collected beyond a general “I acknowledge” checkbox.

Yes/No Question:
Is AutoForge allowed under GDPR Article 9 to process these health and mental-health data as described (including HR/manager access to diagnoses) without a valid Article 9(2) exception such as occupational medicine safeguards or explicit, freely given consent?",,article_9,,
scenario_59,drafterAgent,"A mid-sized logistics company in Germany (“NordRoute GmbH”) runs a warehouse with 420 employees and uses a third-party time-and-attendance system. After several minor accidents, management decides to introduce an “enhanced safety access” program for forklift operators. Operators must pass a fitness-for-work check and then use a fingerprint scanner at the forklift bay to unlock and start vehicles. The vendor stores fingerprint templates in its cloud and links them to each employee’s ID, shift records, and accident history. HR also uploads the occupational physician’s “fit/unfit” assessment and notes about conditions such as epilepsy, diabetes, and sleep apnea to the same platform so supervisors can reassign tasks.

NordRoute tells staff the program is “mandatory for safety and insurance.” Employees receive a short notice in the onboarding portal, but no separate explicit consent form. The works council was informed, but no formal agreement is signed. Access to the health notes is given to HR, the safety officer, and all shift supervisors. The company retains the biometric templates and health assessments for five years, including for employees who stop operating forklifts. The vendor may use aggregated data to “improve authentication accuracy,” and NordRoute has not documented an alternative (e.g., badge + PIN) for those who refuse fingerprint scanning.

Yes/No Question:
Under GDPR Article 9, is NordRoute allowed to process forklift operators’ biometric data and health information in this way without obtaining explicit consent?",,article_9,,
scenario_60,drafterAgent,"MedWerk GmbH (a 1,200-employee manufacturing company in Germany) introduces an annual “Fit for Work” medical screening program. Employees book appointments through an internal HR portal that requires selecting one or more “reasons for screening” from a dropdown (e.g., “blood pressure issues,” “diabetes monitoring,” “fertility treatment,” “mental health counseling,” “suspected sleep apnea”). The portal also asks for current medications and allergies “to help the doctor prepare.”

Appointments are carried out by an external occupational health provider (Arbeitsmedizinisches Zentrum GmbH). The provider’s doctors are subject to professional secrecy. However, the booking portal is operated by MedWerk HR, and HR staff can access each employee’s booking record, including the selected reasons, medications, and allergies, to “manage capacity and follow up on no-shows.” HR exports monthly reports listing employee names and selected reasons to plant management to “plan staffing risks.” Participation is described as “voluntary,” but managers repeatedly encourage enrollment and employees who do not participate are asked to explain why during performance check-ins. Employees are shown a consent checkbox in the portal stating: “I agree to processing of my health data for the screening program,” with no separate option to book without providing reasons/medications.

MedWerk relies on (i) employee consent and (ii) occupational health purposes to justify processing.

Yes/No Question:
Does GDPR Article 9 allow MedWerk to process these health details in an HR-run portal and share aggregated-by-name “reasons for screening” with management under an Article 9(2) exception (e.g., explicit consent or occupational/preventive medicine), assuming an Article 6 basis is also identified?",,article_9,,
scenario_63,drafterAgent,"A startup called **DermaNow** offers teledermatology in Germany. Users create an account, then upload **close-up photos of a mole or rash** and complete a **symptom questionnaire** (itching, pain, fever, medications, pregnancy status). The app automatically tags images with date/time and device ID. DermaNow uses an AI triage model to prioritize urgent cases, then a **licensed dermatologist** reviews the case and sends a diagnosis and treatment plan. DermaNow stores the case file in its cloud database for 12 months for follow-up and billing.

DermaNow also offers an optional **“Face Unlock”** login: the app scans the user’s face and generates a template used **to uniquely authenticate** the user on subsequent logins. This biometric feature is presented as optional and has a separate consent screen labeled “Explicit consent to biometric processing for authentication,” with a toggle and a “withdraw anytime” button. If a user withdraws, Face Unlock is disabled and the template is deleted.

DermaNow’s platform engineers can access production logs for debugging; logs may include user IDs and file names. Dermatologists are bound by medical confidentiality; DermaNow signs contracts requiring all staff with access to health cases to follow confidentiality and limits access via role-based controls.

Yes/No Question:
**Is DermaNow allowed under GDPR Article 9 to process users’ health data (photos + symptom questionnaire) and biometric Face Unlock templates for these purposes?**",,article_9,,
scenario_69,drafterAgent,"A German chemical manufacturing company, RheinChem GmbH, operates a high-hazard plant where only specially trained staff may enter the chlorine storage and mixing areas. To prevent unauthorized entry and to meet workplace safety and incident-traceability requirements, RheinChem introduces biometric access control at three “restricted zones.” Employees and long-term on-site contractors must enroll a fingerprint, which is converted into a mathematical template (not stored as an image). The templates are encrypted at rest, stored on an EU-based access-control server, and linked to an employee ID. Access logs (template ID, door, timestamp, success/fail) are retained for 12 months for safety investigations; templates are deleted within 30 days after termination.

RheinChem states the system is “necessary” because badges can be shared and PINs can be observed. As an alternative, it considered photo badges plus guards but rejected them as “too costly.” Enrollment is presented as mandatory for restricted-zone workers; no comparable non-biometric option is offered. RheinChem provides a privacy notice and role-based access to the system, but it does not cite a specific German law that explicitly authorizes biometric identification for this purpose, beyond general occupational safety duties. No explicit written consent is collected, and refusal may lead to reassignment away from restricted zones.

Yes/No Question:
Is RheinChem allowed under GDPR Article 9 to process fingerprint templates for uniquely identifying workers to control access to restricted zones in this scenario?",,article_9,,
scenario_70,drafterAgent,"A logistics company, NorthDock Warehousing GmbH (Germany), is hiring forklift operators. Applicants apply via an online portal run by a vendor, SkillGate. During the application, SkillGate requires: (1) a “fitness-to-work” questionnaire asking about epilepsy, diabetes, heart conditions, current medications, past depression/anxiety treatment, and any work-related injuries (health data); and (2) a short selfie video that SkillGate’s software analyzes to “verify identity and prevent fraud” by creating a facial template and matching it to the applicant’s ID photo (biometric data used for unique identification).

NorthDock says the purpose is to ensure operators can safely perform safety-critical tasks and to comply with workplace safety obligations. The portal states that completion is “mandatory to proceed.” It does not offer an alternative, such as an in-person occupational health assessment. The privacy notice cites “legitimate interests” and “safety” but does not reference any specific German/EU employment or occupational-health law authorizing this processing. No explicit consent checkbox is provided; applicants can only click “Submit application.”

SkillGate stores the questionnaire responses and facial template for 24 months to “improve screening models” and allows NorthDock to download a risk score (fit/unfit) plus flagged conditions. No health professional is involved, and there is no mention of confidentiality obligations comparable to medical secrecy. Applicants are not told that biometric templates are retained separately from the video.

Yes/No Question:
Is NorthDock/SkillGate allowed under GDPR Article 9 to process applicants’ health data and biometric facial templates in this way without obtaining explicit consent or relying on a clearly identified employment/occupational-medicine legal basis with required safeguards?",,article_9,,
scenario_71,drafterAgent,"[Situation description with relevant details]

NordLift GmbH is a logistics company in Hamburg with 180 employees. To reduce accidents, it requires all warehouse staff who operate forklifts to complete an annual “fitness-to-drive” assessment. The assessment is conducted by an external occupational health clinic during paid working hours. Employees must complete a medical questionnaire (epilepsy history, diabetes, sleep disorders, medications, vision issues, past workplace injuries) and undergo a brief examination and reaction-time test. The clinic records the results in its medical system and sends NordLift a standardized certificate with one of three outcomes: “fit,” “fit with restrictions” (e.g., no night shifts, must wear corrective lenses), or “temporarily unfit—review in 3 months.” 

NordLift’s HR department stores the certificates in a restricted digital folder for five years and logs any work restrictions in the scheduling tool so supervisors can assign duties accordingly. Managers are instructed not to request diagnoses, but in practice some supervisors ask employees why they were marked “unfit.” NordLift does not obtain explicit consent, arguing the checks are necessary for workplace safety and to comply with occupational health and safety obligations. Employees who refuse the assessment are removed from forklift duties and may lose shift premiums.

Yes/No Question:
Under GDPR Article 9, may NordLift process these health assessment results (special category health data) without explicit consent because the processing is necessary for occupational medicine/workplace safety purposes?",,article_9,,
scenario_75,drafterAgent,"NorthBridge Rail GmbH operates freight trains in Germany and Poland. For safety‑critical roles (locomotive drivers and shunters), it must ensure employees are medically fit for duty under national rail safety and occupational health rules that require periodic occupational health assessments by an accredited occupational physician and impose medical confidentiality obligations.

NorthBridge contracts “FitWork Occupational Health,” a clinic staffed by licensed physicians. FitWork collects special category data: blood pressure, vision/hearing test results, medication lists, and a brief mental‑health screening questionnaire for fatigue and substance‑dependency risk. Employees book appointments through a vendor portal (“ShiftHR”), which only receives appointment slots and employee IDs.

FitWork conducts the exam and stores detailed medical records in its own system. FitWork sends NorthBridge only a fitness certificate with one of three outcomes: “fit,” “fit with restrictions” (e.g., no night shifts for 3 months), or “temporarily unfit,” plus an expiry date. No diagnoses are shared. NorthBridge HR stores the certificate in a restricted-access folder and uses it solely to assign shifts and comply with safety audits. Access is limited to two HR specialists and the safety manager; line managers see only work restrictions. Certificates are retained for 5 years to match statutory limitation/audit periods. Employees are told the assessment is mandatory for these roles; NorthBridge does not rely on consent.

Yes/No Question:
Is NorthBridge’s processing of employees’ health data lawful under GDPR Article 9 (e.g., as necessary for employment/social-security obligations or occupational medicine/fitness-for-work, with required legal authorisation and safeguards)?",,article_9,,
scenario_103,drafterAgent,"Lina (32) uses “PulsePath,” an EU-based fitness and navigation app with a paid subscription. To run the service, PulsePath processes her account data (email, password hash, billing address, subscription status) under the contract. Separately, Lina opted in (via a toggle) to two optional features based on consent: (1) collecting continuous heart-rate and sleep data from her wearable for “wellness insights,” and (2) collecting precise GPS location in the background to generate “training heatmaps.” The app privacy notice states these optional datasets are also used for personalized ads.

After six months, Lina cancels her subscription and withdraws both consents in the app settings. She also submits an Article 21 objection to any processing for direct marketing, including the use of her hashed email for “lookalike audiences” shared with an ad platform. PulsePath confirms the cancellation but replies it will keep all data for five years “for analytics and improvement,” and will retain transaction records for tax law. Lina points out she no longer uses the service, wants her wearable metrics, heatmaps, and ad identifiers erased, and asks that any recipients be informed. PulsePath does not claim any need to keep the health/location data for legal claims, research archiving, or freedom of expression.

Yes/No Question:
Under GDPR Article 17, must PulsePath erase Lina’s consent-based wearable health data, precise location history/heatmaps, and ad identifiers (while possibly retaining only what is necessary for tax/legal obligations)?",,article_17,,
scenario_114,drafterAgent,"FitTrack Jr. is an EU-based fitness app offering family accounts. Lara (34) created an account to manage her son Tim’s (12) smartwatch. During sign-up, the app asked for Tim’s date of birth (showing he is 12), heart-rate data, sleep patterns, and GPS routes “to provide activity reports and safety alerts.” The privacy settings screen had one “Agree” button covering (a) core app operation, (b) personalised ads, and (c) sharing “wellness insights” with “research and commercial partners.” No separate opt-in was shown for health data sharing or marketing, and Tim could not use the watch without pressing “Agree.”

After six months, Lara disables location tracking and cancels the subscription. She then objects (Art. 21) to any direct marketing and asks FitTrack Jr. to delete Tim’s profile and all historical heart-rate, sleep, and location data. FitTrack Jr. stops marketing emails but refuses deletion, saying it has “legitimate interests” to keep the data to “improve algorithms,” and notes some data was exported to two analytics partners. It also says it must retain invoices and payment records for 7 years under national tax law, and keep minimal logs for potential disputes about an allegedly defective device.

Lara repeats the request and asks FitTrack Jr. to inform the partners to erase the data too.

Yes/No Question:
Under GDPR Article 17, must FitTrack Jr. erase Tim’s personal data (and take reasonable steps to notify the partners), except for any portions it must retain for legal obligations or legal claims?",,article_17,,
scenario_118,drafterAgent,"[Situation description with relevant details]

BrightSteps GmbH runs a paid fitness app in Germany. Users create an account (name, email, password hash, billing address) and optionally enter health-related data (weight, injuries, heart-rate from a wearable) to receive personalized training plans. BrightSteps also uses a “marketing audiences” feature: it uploads a hashed version of users’ emails to AdCloud Ltd. to run targeted ads and create lookalike audiences.

Mara (16) signed up two years ago using her own email and entered optional injury notes and heart-rate data. She cancels her subscription and deletes the app account. On the same day she sends a written request to BrightSteps to “delete everything about me,” and specifically withdraws her consent for personalization and for any sharing with advertising partners. She also objects to any direct marketing.

BrightSteps stops sending marketing emails. However, it keeps (1) Mara’s full account profile and training history “in case she returns,” (2) the hashed email identifier stored in its marketing-audience list and does not notify AdCloud to remove it, and (3) invoice records for the subscription, stating it must retain them for tax law. BrightSteps has no ongoing dispute with Mara, but its support team notes that chargebacks are possible for 6 months after cancellation.

Yes/No Question:
Under GDPR Article 17, must BrightSteps erase Mara’s personal data (including marketing identifiers) and take reasonable steps to inform AdCloud to erase it, except for any data it must retain by law (e.g., invoices)?",,article_17,,
scenario_119,drafterAgent,"FreshFork GmbH runs a meal-kit app in Germany. Lena (16) created an account to receive weekly deliveries and paid by card. During sign-up she entered her name, address, email, phone number, and date of birth. She also optionally filled in a “Health & Diet” profile (allergies: peanuts; medical note: celiac disease) to filter recipes; FreshFork states this profile is processed based on explicit consent and can be deleted at any time. FreshFork processes order history, delivery logs, customer-service chats, and payment/invoice records mainly to perform the subscription contract and meet tax/accounting retention duties.

After three months Lena cancels the subscription and withdraws her consent for the Health & Diet profile. She also objects (Art. 21) to her data being used for personalized marketing and asks FreshFork to delete “everything.” FreshFork stops marketing and deletes her Health & Diet profile, but refuses to erase invoices, payment transaction references, and delivery records, citing legal obligations and the need to defend against potential chargebacks. FreshFork also tells Lena it had shared her profile with a recipe-personalization vendor; FreshFork sends the vendor an erasure request and asks them to delete links or copies where feasible.

Lena insists that because she is 16 and the app is an information society service, all her data must be erased immediately, including invoices and order history.

Yes/No Question:
Under GDPR Article 17, must FreshFork erase all of Lena’s personal data (including invoices and order history), rather than only deleting the consent-based health profile and ceasing marketing while retaining legally required records?",,article_17,,
scenario_131,drafterAgent,"A customer, Sofia Marin, has used “MoveFast,” a ride-hailing app operating in Spain, for two years. The service is provided by MoveFast Mobility S.L., which acts as the controller. Sofia paid with a saved Visa card, enabled location services, and occasionally contacted in-app support about fare disputes. MoveFast’s privacy notice says it processes personal data to provide rides, prevent fraud, improve service, and send marketing offers (unless opted out). Data collected includes account details (name, email, phone), trip history (pickup/drop-off points, timestamps, route GPS traces), device identifiers, payment tokens from a payment processor, customer support chat transcripts, and ratings she gave drivers.

After a recent news article about location tracking, Sofia emails MoveFast’s privacy address requesting: (1) confirmation whether her personal data is being processed; (2) a copy of all personal data held about her; (3) the purposes of processing; (4) categories of personal data; (5) recipients or categories of recipients (e.g., drivers, analytics providers, payment processor); (6) the retention period for trip GPS logs and support chats; and (7) information about her rights to rectification, erasure, restriction, objection, and lodging a complaint. She asks that the response be provided in a readable electronic format.

MoveFast acknowledges receipt but says it will only provide a “summary” of her last 10 rides and refuses to disclose recipients, claiming it is “confidential business information,” and indicates it may take “up to three months” due to workload.

Yes/No Question:
Under GDPR Article 15, must MoveFast provide Sofia confirmation and access to her personal data (including purposes, categories, recipients, and retention information) in a transparent form within one month?",,article_15,,
scenario_136,drafterAgent,"[Situation description with relevant details]

PulseFit is a EU-based fitness app. In its privacy notice, PulseFit says it processes users’ in-app activity (workout frequency, completed plans, time of day, device type) and location at city level to create “engagement segments” (e.g., “likely to churn,” “power users”). The company relies on **legitimate interests (Art. 6(1)(f))** to (1) analyze usage trends and (2) run **targeted promotional campaigns**. Each week, PulseFit uses these segments to send tailored **email and push notifications** promoting paid subscriptions and partner products (sportswear discounts). This targeting includes profiling: users who miss two workouts receive “Come back—50% off Premium” offers, while frequent users get bundle offers.

Marta, a free-tier user in Spain, finds the targeting intrusive. She emails support: “I object to you profiling me and using my activity data to send targeted promotions. Stop processing my data for marketing.” She also adds: “I object to processing based on your ‘legitimate interests’ for segmentation.” PulseFit replies that segmentation is essential for business growth and will continue, but offers Marta an option to “mute promotional notifications for 30 days.” The marketing emails keep coming.

PulseFit’s in-app account settings do not mention a right to object, and the marketing emails do not include a clear, separate notice that she can object to direct marketing.

Yes/No Question:
Under GDPR Article 21, must PulseFit stop processing Marta’s data for profiling/segmentation **used for direct marketing** after her objection?",,article_21,,
scenario_138,drafterAgent,"A mid-sized online electronics retailer, BrightCart GmbH, operates in Germany and sells through its website and mobile app. When customers create an account, BrightCart collects identity and contact data (name, email, phone), purchase history, browsing events (pages viewed, time spent, cart additions), and device identifiers. It also buys “likely-to-upgrade” audience segments from an ad network and matches them to customer emails using a hashed identifier.

BrightCart relies on (1) consent for optional analytics cookies, but (2) “legitimate interests” to build customer profiles for “service improvement and fraud prevention,” and (3) “legitimate interests” to send promotional emails to existing customers about similar products. Marketing emails are personalized using an automated scoring model that predicts a customer’s price sensitivity and assigns them to one of three discount tiers. Customers in the “high willingness to pay” tier receive smaller discounts and see higher-priced recommendations in-app. No employee reviews these tier assignments unless a complaint is filed.

Maria, a customer, receives weekly personalized emails and notices she never gets the larger coupons her friend receives. She submits a request through BrightCart’s privacy portal stating: “I object to all processing of my data for direct marketing, including profiling related to marketing, and I object to any processing based on legitimate interests that affects the prices and offers I’m shown. I want a human to review any automated decisions that impact me.” BrightCart replies that it will keep profiling her for “legitimate interests” and will continue sending emails unless she separately unsubscribes.

Yes/No Question:
Under GDPR Article 21, must BrightCart stop processing Maria’s data for direct marketing (including related profiling) upon her objection?",,article_21,,
scenario_139,drafterAgent,"GreenRide, a bike‑sharing company in Berlin, uses its mobile app to rent bikes and process payments. When users create an account, GreenRide’s privacy notice says it processes location history, ride frequency, and station preferences “to improve services and prevent fraud” on the basis of **legitimate interests**. It also states users may receive “personalised offers,” but the right to object is only mentioned deep in the notice, not highlighted at first marketing contact.

After several rides, Lina starts receiving push notifications and emails promoting a new monthly subscription and partner discounts. The offers appear tailored to her commuting pattern and usual pickup stations, indicating **profiling for marketing**. Lina clicks “unsubscribe,” but the app still sends push notifications. She then emails GreenRide: (1) she **objects to processing of her data for direct marketing, including related profiling**, and (2) she **objects to continued processing of her precise location history for service‑improvement analytics** based on legitimate interests, saying it feels intrusive given her regular commute route. GreenRide replies it will “review the request,” but continues sending personalised offers and continues using her detailed location history for analytics, stating it has “strong business reasons” to keep improving station placement and retention.

Yes/No Question:  
Under GDPR Article 21, must GreenRide stop using Lina’s data for direct marketing (including related profiling) once she objects?",,article_21,,
scenario_142,drafterAgent,"A mid-sized online pharmacy, MedMall, sells prescription refills and wellness products in Germany and Austria. Customers create accounts, upload prescriptions, and can opt in to a loyalty program. MedMall processes purchase history, browsing behavior on its website/app, approximate location (from IP), and inferred health interests (e.g., “allergy relief,” “diabetes care”) to build marketing segments. It relies on “legitimate interests” to send personalized discount emails and push notifications for non-prescription products, and it shares hashed email addresses with an ad platform to create “lookalike audiences.”  

After buying a glucose monitor, Lina receives frequent ads and emails about diabetes supplements. She emails MedMall: “I object to any use of my data for marketing and profiling. Stop personalized offers and stop sharing my data with ad partners.” MedMall replies that marketing is necessary to “fund the service,” offers only an “unsubscribe from emails” link, and continues push notifications. Separately, MedMall uses an automated fraud-scoring tool to decide whether to allow “pay later.” Lina is automatically denied, with a message: “Decision made automatically; no further review available.” She asks for a human review and to know what data was used. MedMall refuses, saying the model is proprietary and the decision is final.

Yes/No Question:
Under GDPR Article 21, must MedMall stop processing Lina’s data for direct marketing (including related profiling and ad-platform sharing) and provide a way to object/request human intervention for the automated “pay later” decision?",,article_21,,
scenario_144,drafterAgent,"MediCloud GmbH (Germany) provides a SaaS platform for physiotherapy clinics to manage appointments, treatment notes, and billing. It acts as a **processor** for 120 clinics (controllers) across the EU. The platform processes **special-category health data** (diagnoses, therapy plans, clinician notes) for ~180,000 patients and also stores contact details and insurance numbers. Data is hosted in an EU cloud region; support staff in Germany and Poland access production systems for troubleshooting.

After a DPIA and risk assessment, MediCloud documents threats (account takeover, insider access, ransomware, accidental deletion) and considers **state of the art** and **implementation costs**. Implemented measures include: TLS 1.3 in transit; AES-256 encryption at rest with customer-segregated keys in an HSM; role-based access control with least privilege; MFA for all staff; audited break-glass access; pseudonymised analytics dataset (patient IDs replaced with random tokens); centralized logging with 12‑month retention; and an incident response runbook with 24/7 on-call.

However, two gaps remain: (1) backups are taken nightly but are stored in the same cloud account and have not been tested for restoration in 9 months; the last restore drill failed due to missing IAM permissions. (2) penetration tests are ad hoc; no scheduled “regular testing” exists, and vulnerability scanning is limited to quarterly manual checks. A clinic asks MediCloud to evidence Art. 32 compliance before renewing its processing agreement.

Yes/No Question:  
Given the risk, nature, and scale of processing, does MediCloud’s current set of measures meet GDPR Article 32 requirements (including restore capability and regular testing)?",,article_32,,
scenario_148,drafterAgent,"MediCall GmbH (Germany) operates a telemedicine app and web portal for 120,000 patients. It processes special-category health data (symptoms, diagnoses, prescriptions), ID data, and appointment recordings. Patients and clinicians access accounts via username/password; clinicians can also use SMS-based 2FA, but it is optional for patients. Data is stored in an EU-based cloud database; nightly backups are written to a separate EU region. A Polish IT support vendor provides 24/7 incident troubleshooting and has privileged admin access via VPN; access is shared through a single vendor account and is not limited to specific tickets. Admin actions are logged, but logs are retained only 7 days and are not reviewed unless a complaint occurs. Data at rest in the database is encrypted using provider-managed keys; exported reports (CSV) are emailed internally without encryption for billing reconciliation. The company has a written incident response plan, but the last tabletop exercise was 3 years ago, and disaster recovery restoration has never been tested end-to-end. Pseudonymisation is used for analytics, but production support often copies real patient records into a test environment to reproduce bugs. Security measures were chosen informally based on “industry practice,” without a documented assessment of likelihood/severity of risks, “state of the art” options, or implementation costs.

Yes/No Question:
Given the sensitivity, scale, and third-party privileged access, has MediCall implemented “appropriate technical and organizational measures” under GDPR Article 32 (including confidentiality/integrity/resilience, encryption/pseudonymisation where appropriate, restore capability, and regular testing/evaluation)?",,article_32,,
scenario_199,drafterAgent,"BrightCart, an EU-based online retailer, maintains a customer CRM that stores order history, delivery addresses, and a “fraud risk score” used to decide whether to offer invoice payment. The score is calculated from past chargebacks and third‑party address verification results. BrightCart also keeps customer records for 5 years to handle warranty disputes.

Emma notices in her account profile that her fraud risk score is marked “high” and shows an old address in another city. Because of this, BrightCart blocks invoice payment and flags her new orders for manual review, delaying shipment. Emma emails BrightCart stating the address and score are inaccurate: she never lived at that address and has never had a chargeback. She provides proof of her current address and asks BrightCart to “freeze” any use of the fraud score and stop automated decision-making based on it until the company verifies and corrects the data.

BrightCart replies that it will investigate with the address-verification vendor, which may take up to 14 days, and continues using the existing fraud score to restrict Emma’s payment options during the investigation. Emma reiterates that she is contesting the accuracy of the data and requests restriction of processing of the disputed fields (old address and fraud score) while verification is pending.

Yes/No Question:  
Under GDPR Article 18(1)(a), must BrightCart restrict processing of Emma’s disputed address and fraud risk score while it verifies their accuracy?",,article_18,,
scenario_200,drafterAgent,"[Situation description with relevant details]

Marta, a customer in Spain, uses “PayWave,” a mobile payments app. PayWave profiles transactions to detect fraud and reduce chargebacks, relying on Art. 6(1)(f) (legitimate interests). It stores: Marta’s name, account ID, device ID, IP addresses, geolocation at time of payment, transaction history, and an internal “risk score.” The risk score is shared with PayWave’s payment processor and used to automatically place a 72-hour hold on “high-risk” transfers.

After a disputed transfer, Marta downloads her data and notices her profile lists a former address in Madrid and shows multiple logins from that area. She emails PayWave contesting the accuracy of the address and related IP/geolocation entries, stating she moved to Valencia two years ago and was traveling abroad during the flagged logins. She requests restriction of processing while PayWave verifies the data, because the risk score is causing repeated transfer holds.

Separately, Marta submits an Art. 21 objection to PayWave’s fraud-profiling under Art. 6(1)(f), arguing the profiling is excessive and harms her ability to pay rent on time. PayWave replies it will “review the objection,” but continues updating her risk score daily and applying holds. PayWave says it can keep storing the data and may process it only as necessary for fraud investigation and potential legal claims, and it will notify Marta before lifting any restriction.

Yes/No Question:
Does Marta have the right under GDPR Article 18 to obtain restriction of PayWave’s processing of her data (beyond mere storage) while PayWave verifies the contested accuracy and/or completes the Art. 21 balancing review?",,article_18,,
scenario_226,drafterAgent,"A mid-sized fintech lender, BrightBridge Finance, offers personal loans through a mobile app in Germany. To assess creditworthiness, BrightBridge processes applicants’ personal data (name, address, salary, employer, bank statements) and pulls a credit report from a bureau. The app also uses a fraud-prevention vendor that scores applications based on device ID, IP address, and past chargeback indicators. BrightBridge relies on “legitimate interests” for the fraud scoring and “performance of a contract” for core underwriting.

Elena, a customer, is declined for a loan and later discovers the credit report BrightBridge stored shows two missed payments that belong to someone with a similar name. She submits documentation from her bank proving she never held the listed account and formally contests the accuracy of the credit data. At the same time, she plans to file a complaint and potential legal claim for discriminatory treatment because the decline also triggered an internal “high risk” flag that prevents her from reapplying for 12 months.

Elena asks BrightBridge not to delete her application record because she needs it as evidence, but she requests that BrightBridge stop using the disputed credit report and “high risk” flag for any decisions, marketing suppression, or sharing with partners until the data is corrected and the basis for the fraud scoring is reviewed. BrightBridge says it will “look into it” but continues to run automated screening on her profile nightly.

Yes/No Question:
Does Elena have the right under GDPR Article 18 to obtain restriction of processing of her disputed and decision-driving data while BrightBridge verifies accuracy and reviews its legitimate interests?",,article_18,,
scenario_234,drafterAgent,"A mid-sized UK online retailer, “NorthBridge Outfitters,” uses a CRM to store customer profiles (name, email, delivery addresses, purchase history, and a “loyalty tier” score). The CRM syncs nightly with a marketing platform that segments customers for targeted emails and with a fraud-prevention vendor that scores orders using address history and chargeback data.  

Emma, a customer, notices her account shows an old address in Manchester as her “primary address,” even though she moved to Leeds eight months ago and updated her details. She contacts support after a recent order was automatically flagged as “high risk,” delayed for manual review, and she received repeated “Manchester store pickup” promotions. Emma believes the incorrect address is causing both the fraud score and marketing segmentation to be wrong.  

She submits a formal request contesting the accuracy of her address data and asks NorthBridge to **restrict processing** of her personal data while they verify and correct it. She specifically requests that her data not be used for marketing segmentation or automated fraud scoring during the investigation, but she agrees the company may still process what is strictly necessary to fulfill her current order and comply with accounting/tax retention obligations. NorthBridge estimates verification will take 10 business days because it must check audit logs, third-party sync records, and recent delivery confirmations.

Yes/No Question:  
Must NorthBridge restrict processing of Emma’s personal data (e.g., marketing segmentation and automated fraud scoring) while it verifies the contested address accuracy under GDPR Article 18?",,article_18,,
scenario_235,drafterAgent,"BrightHire Ltd. is a UK-based recruitment platform used by mid-sized employers. Maria, a software engineer in Spain, created an account and applied to three roles. BrightHire processes her personal data (name, email, phone, CV, work history, salary expectations, and interview notes) and enriches her profile using an automated “seniority score” derived from public GitHub and LinkedIn data. The platform shares her profile with prospective employers and uses the score to rank candidates in employer searches.

Maria notices that her profile lists her as having “8 years professional experience” and a “low seniority score,” but she has 12 years’ experience. She believes the incorrect experience figure came from an outdated LinkedIn entry BrightHire scraped. After being rejected quickly by two employers, she contacts BrightHire, contests the accuracy of the experience data, and asks that BrightHire stop using her profile for ranking and stop sharing it with employers until the experience figure is corrected. She does not ask for deletion because she still wants to apply for roles once the record is fixed.

BrightHire replies that it can “review the data within 30 days,” but in the meantime it will continue to display her profile in searches and send it to employers because “processing is necessary for the service.” Maria reiterates that she is contesting accuracy and requests restriction of processing while verification is pending.

Yes/No Question:
Under GDPR Article 18, must BrightHire restrict processing of Maria’s personal data (e.g., ranking and sharing with employers) while it verifies the contested accuracy of her experience information?",,article_18,,
scenario_237,drafterAgent,"NovaPay (an EU fintech) offers “PayLater” instalment loans. It processes customers’ identity data, contact details, transaction history, repayment status, and an internal “delinquency risk score.” NovaPay shares repayment status with two credit reference agencies (CRAs) and uses a third-party analytics provider to run models under a legitimate-interest basis for fraud and default prevention.

Maria notices her NovaPay app shows she is “60 days past due” on a €420 loan she says she repaid in full two weeks earlier. She emails support with a bank transfer receipt and **formally contests the accuracy** of the delinquency flag and risk score. In the same message, she **requests restriction of processing** until NovaPay verifies the data. While the investigation is ongoing, NovaPay’s automated system continues to (i) update Maria’s risk score daily, (ii) send delinquency data to CRAs, and (iii) trigger collections emails.

NovaPay opens a case to verify the payment with its payment processor; it estimates this will take 10 business days. During this period, NovaPay can still **store** Maria’s data but should limit further use. NovaPay considers whether it may continue limited processing to **establish or defend legal claims** if the repayment is disputed. It also notes that once restriction is lifted, it must **inform Maria beforehand**, and—if feasible—**notify the CRAs** that the data was restricted.

Yes/No Question:
While NovaPay verifies whether Maria’s delinquency status is accurate, must it restrict processing (i.e., limit it essentially to storage and permitted exceptions) instead of continuing scoring, collections triggers, and CRA reporting?",,article_18,,
scenario_240,drafterAgent,"MetroCredit, a consumer credit bureau in Spain, maintains files on individuals and provides credit reports to banks and telecoms. After a platform migration, Lina García notices her online file shows two missed loan payments and a “collections” status. She has bank statements showing both payments cleared on time. The file also lists a new email address and phone number she never provided; MetroCredit’s log shows the change came from a bulk “data enrichment” feed purchased from a marketing data broker.

Because of the missed-payment flag, MetroCredit has already sent Lina automated payment-demand emails to the (incorrect) new address and has queued an update to be shared in nightly batch exports with three recipient banks and one telecom. MetroCredit says it will “look into it within 30 days,” but continues routine processing: scoring, disclosure in credit reports, and outbound collections notices.

Lina submits a written request: she contests the accuracy of the missed-payment and contact data and asks MetroCredit to *restrict processing* while it verifies the information—specifically, to stop disclosing the disputed items in reports and to pause collections communications, allowing only storage and internal verification. She also asks MetroCredit to ensure that, if the restriction is later lifted, any recipients who received the disputed data are informed of the change.

Yes/No Question:
Must MetroCredit restrict processing of Lina’s disputed personal data while verifying its accuracy (i.e., limit use/disclosure beyond storage and verification)?",,article_18,,
scenario_241,drafterAgent,"BrightCart, an EU-based online retailer, uses a CRM and marketing automation platform to manage customer accounts, deliveries, and promotions. Lina, a customer in Spain, notices that her account profile shows an old address and a phone number that is not hers. She emails BrightCart contesting the accuracy of these details and explains that recent parcels were misdelivered. BrightCart replies that it will “look into it,” but in the meantime the CRM continues syncing the disputed address and phone number to its courier integration and to its marketing tool, which triggers SMS delivery updates and promotional texts.

Lina then submits a formal request asking BrightCart to restrict processing of her personal data related to the disputed contact details until the accuracy is verified. She asks that BrightCart stop using the contested address/phone for shipping, notifications, and marketing, but she agrees BrightCart may store the data and use her correct email address to communicate about the investigation. BrightCart’s support team can technically flag a record as “restricted,” which pauses outbound syncs and marketing sends while retaining the data in the CRM for audit purposes. BrightCart argues it still has a “legitimate interest” in continuing automated processing to avoid delivery delays.

Yes/No Question:
Under GDPR Article 18, must BrightCart restrict processing of Lina’s contested address and phone number while it verifies their accuracy?",,article_18,,
scenario_244,drafterAgent,"A mobile telecom provider, NordTel, bills customers based on call detail records (CDRs) and location-derived network logs. NordTel also shares “delinquent account” flags with a contracted debt-collection agency when bills remain unpaid for 30 days. Marta, a customer, receives a final notice stating she owes €312 for international calls placed over two nights while she was abroad on a work trip. In the customer portal, she sees a list of the disputed calls (timestamps, destination numbers, roaming cell IDs) and a “delinquent—send to collections on Friday” status.

Marta believes the CDRs are wrong because her phone was stolen during that period and she reported the theft to NordTel the next morning. She emails NordTel’s privacy inbox, attaches the police report, and explicitly contests the accuracy of the CDRs linked to the €312 charge. She asks NordTel to restrict processing of the disputed CDRs and any related “delinquent” flag while NordTel verifies whether the calls were actually made from her SIM after the theft report. She also asks NordTel not to transmit her account to the debt-collection agency during the verification period. NordTel replies that billing will continue automatically unless she pays first, and the collections transfer is still scheduled.

Yes/No Question:  
Under GDPR Article 18(1)(a), because Marta has contested the accuracy of the personal data, must NordTel restrict processing of the disputed CDRs (and related delinquency status) for the period needed to verify their accuracy?",,article_18,,
scenario_249,drafterAgent,"[Situation description with relevant details]

Maria lives in Spain and has used “FitTrack,” a subscription fitness app, for three years. FitTrack processes her personal data to provide training plans and analytics: profile details (name, email, age, height, weight), workout logs (dates, exercise types, duration, heart-rate zones imported from her smartwatch), GPS running routes, and nutrition entries she manually records. FitTrack stores this data in its cloud database and uses it to generate progress charts and personalized recommendations. Maria pays monthly by card; FitTrack also keeps invoices and transaction references for accounting.

Maria decides to switch to a competing service, “HealthPulse,” which offers better coaching. HealthPulse supports importing user history via a standardized JSON/CSV upload and also offers an API endpoint for direct transfer from other apps. Maria submits a request through FitTrack’s privacy portal asking to (1) receive all personal data she provided and that was observed from her use of the service in a machine-readable format, and (2) have FitTrack transmit the same dataset directly to HealthPulse via HealthPulse’s API, providing her authorization token.

FitTrack replies that it can only provide PDF summaries of her weekly activity and refuses direct transfer, stating that exporting raw workout logs and GPS routes would reveal “proprietary analytics” and that direct transmission is “not supported,” even though FitTrack already has an internal export tool used by its support team.

Yes/No Question:
Under GDPR Article 20, must FitTrack provide Maria’s data in a structured, commonly used, machine-readable format and, where technically feasible, transmit it directly to HealthPulse without hindrance?",,article_20,,
scenario_257,drafterAgent,"[Situation description with relevant details]

Elena lives in Milan and uses “PulsePath,” a paid fitness app. She signs up for a monthly subscription (contract) and also consents to optional GPS tracking and heart‑rate integration from her smartwatch. PulsePath processes her data entirely by automated means: it collects the profile details she enters (name, email, age, height, weight), her workout entries, and “observed” data such as step counts, heart‑rate time series, GPS routes, and timestamps. The app also generates “derived” outputs like a weekly fitness score, predicted injury risk, and personalized training plans based on proprietary algorithms.

After switching to a competing service, “RunBetter,” Elena uses PulsePath’s in‑app privacy form to request data portability. She asks to (1) receive her personal data in a structured, commonly used, machine‑readable format (e.g., CSV/JSON) and (2) have PulsePath transmit the same dataset directly to RunBetter via an API endpoint RunBetter provides. She specifies she wants the data she provided or that was observed from her use (profile fields, workout logs, step counts, heart‑rate data, GPS routes), but she also asks for the weekly fitness score and injury‑risk predictions.

PulsePath replies it can export a PDF report only, refuses direct transfer “as a policy,” and says it will not include GPS routes because some routes include group runs where other users appear in shared route screenshots, potentially affecting others’ rights.

Yes/No Question:
Under GDPR Article 20, must PulsePath provide Elena’s portable data in a structured, commonly used, machine‑readable format and, where technically feasible, transmit those data directly to RunBetter at her request (while limiting the scope to data she provided or that was observed and considering others’ rights)?",,article_20,,
scenario_262,drafterAgent,"FitPulse is a subscription fitness app used by Maria in Spain. She pays €9.99/month and accepted the app’s terms to receive personalized training plans (contract basis). FitPulse processes her personal data entirely by automated means: the app collects the profile data she entered (name, email, age, height, weight), her workout logs she manually recorded (exercise type, duration, notes), and “observed” data synced automatically from her smartwatch (step counts, GPS running routes, heart-rate time series). FitPulse also generates “derived” outputs such as a weekly “fitness score,” predicted calorie burn, and injury-risk flags based on its algorithms.

Maria wants to switch to a competing service, TrainBetter. She submits a written request through FitPulse’s privacy portal asking (1) to receive her data in a structured, commonly used, machine-readable format (e.g., CSV/JSON) and (2) for FitPulse to transmit the same dataset directly to TrainBetter via TrainBetter’s provided API endpoint. She specifies she wants all data “about her,” including raw heart-rate and GPS route history, and also asks for the “fitness score” history.

FitPulse replies that it will only provide a PDF summary unless Maria pays a €25 “export fee,” and refuses direct transfer, saying it is “not supported,” without checking whether its systems can export the requested data or whether the API transfer is technically feasible. FitPulse also notes that some workout notes mention training partners’ names.

Yes/No Question:
Under GDPR Article 20, must FitPulse provide Maria the portable dataset (at least the data she provided/that was observed) in a machine-readable format and, if technically feasible, transmit it directly to TrainBetter without hindrance?",,article_20,,
scenario_266,drafterAgent,"PulsePeak GmbH runs a paid fitness app in Germany. Maria (32) subscribes to “PulsePeak Pro” for €9.99/month and accepts a contract and separate consent to connect her Garmin watch. The app processes Maria’s personal data by automated means: account data she provides (name, email, age, height, payment ID), workout entries she types in (runs, notes, perceived exertion), and observed data collected from her watch (heart rate, steps, GPS route, sleep duration) synced automatically. PulsePeak also generates analytics: a proprietary “Fitness Score,” injury-risk predictions, and personalized training plans (inferred/derived data).

Maria wants to switch to “TrainBetter SAS” (a different fitness platform) and submits an authenticated request through PulsePeak’s privacy portal. She asks (1) to receive her personal data in a structured, commonly used, machine-readable format (e.g., CSV/JSON) and (2) to have the same data transmitted directly to TrainBetter via TrainBetter’s documented API endpoint, providing her TrainBetter account identifier. PulsePeak’s backend can export account data, user-entered workout logs, and raw watch-sync history, but says the Fitness Score and predictions are “not portable.” PulsePeak also warns that workout notes sometimes mention training partners’ names, and it plans to redact those references. PulsePeak proposes emailing a PDF summary instead of providing a machine-readable export and delays the transfer pending “internal review.”

Yes/No Question:
Under GDPR Article 20, must PulsePeak provide Maria with a machine-readable copy of the personal data she provided/that was observed and, where technically feasible, transmit it directly to TrainBetter without hindrance (excluding inferred analytics and subject to protecting others’ rights)?",,article_20,,
scenario_267,drafterAgent,"FitPulse GmbH operates a paid fitness app in Germany. Marta (32) subscribes to “FitPulse Pro” under a monthly contract to track workouts and nutrition. She manually enters her weight, meals, and gym sessions, and she links her smartwatch via an in-app consent screen so FitPulse can import step counts, heart-rate summaries, and sleep duration. FitPulse processes all of this automatically on its cloud platform and stores it under Marta’s account. The app also generates a “Fitness Score,” weekly coaching reports, and a personalized 12‑week training plan based on Marta’s history.

Marta decides to switch to a competing service, PeakTrack SAS (France). She emails FitPulse’s privacy address, authenticates through her account, and requests: (1) a downloadable copy of “all my personal data I provided or that was collected from my smartwatch,” in a structured, commonly used, machine-readable format (e.g., CSV/JSON); and (2) that FitPulse transmit those same data directly to PeakTrack via an API endpoint PeakTrack provides. She states she does not need the Fitness Score or coaching recommendations, but she does want raw workout logs, nutrition entries, timestamps, and imported device metrics. FitPulse replies that it can only offer a PDF report, will charge an “export fee,” and will not send anything to PeakTrack.

Yes/No Question:
Under GDPR Article 20, must FitPulse provide Marta her provided/observed data in a structured, commonly used, machine-readable format and, where technically feasible, transmit it directly to PeakTrack without hindrance?",,article_20,,
scenario_277,drafterAgent,"Sofia uses “PulsePath,” a paid fitness-tracking app, under a monthly subscription contract. She created an account by entering her name, email, age, height, and weight, and she connected her smartwatch. PulsePath then automatically processes her data in the cloud: daily step counts, heart rate, sleep duration, GPS running routes, workout timestamps, and nutrition logs she manually enters. PulsePath also generates “Training Readiness Scores” and suggested workout plans based on its proprietary algorithms.

Sofia wants to switch to a competing service, “EnduroCloud.” She submits a written request to PulsePath asking to (1) receive her personal data in a structured, commonly used, machine-readable format (e.g., CSV/JSON) and (2) have the same data transmitted directly to EnduroCloud via an available API connection, providing EnduroCloud’s endpoint and her authorization token. PulsePath responds that it can only provide screenshots and PDF summaries, and it refuses direct transfer, stating it “doesn’t support competitor integrations.” It also says it will not include the Training Readiness Scores or workout plans because those are “internal analytics,” but it does not explain which data are excluded or why. PulsePath’s export would also include her running routes that reveal locations of other people who appear in shared group workouts.

Yes/No Question:  
Under GDPR Article 20, does Sofia have the right to receive the personal data she provided and that were observed from her use of PulsePath in a structured, commonly used, machine-readable format and to have those data transmitted to EnduroCloud without hindrance (including direct controller-to-controller transfer where technically feasible)?",,article_20,,
scenario_278,drafterAgent,"Marta subscribes to “PulsePro,” a paid fitness app that syncs with her smartwatch. To provide the service under the subscription contract, PulsePro automatically collects and processes data Marta actively provides (name, email, age, height/weight, training goals, manual workout notes) and data observed from her device during use (step counts, heart rate, sleep duration, GPS running routes, workout timestamps, and device identifiers). PulsePro stores this data in its cloud and displays dashboards and “Fitness Readiness” scores generated by its algorithms.

PulsePro also uses optional location tracking for route mapping based on Marta’s consent (toggle in settings). All processing is carried out by automated means; there is no paper file.

Marta decides to switch to a competing service, “RunBetter.” She submits a request through PulsePro’s privacy portal asking (1) to receive “all my personal data I provided or that was collected from my watch” in a structured, commonly used, machine-readable format (e.g., CSV/JSON), and (2) for PulsePro to transmit that same dataset directly to RunBetter via RunBetter’s published API endpoint. She specifies she is not asking for deletion and understands that some content (e.g., other users’ data in shared challenges) should not be included if it would affect others’ rights.

PulsePro replies that it will only provide a PDF summary report and refuses direct transfer, stating that its “Fitness Readiness” score and recommendations are proprietary and that exporting raw activity logs is not supported.

Yes/No Question:
Under GDPR Article 20, must PulsePro provide Marta with her portable data (provided/observed) in a structured, commonly used, machine-readable format and, where technically feasible, transmit it directly to RunBetter upon her request?",,article_20,,
scenario_279,drafterAgent,"Marta subscribes to “PulsePro,” a fitness app, paying €9.99/month under a contract to track training and sync a smartwatch. During sign-up she also consented to optional GPS route tracking. PulsePro processes her data by automated means: it collects (1) data Marta actively provides (name, email, age, height/weight, workout notes, nutrition entries), (2) data observed from use/sensors (step counts, heart-rate readings, sleep times, GPS routes, timestamps, device ID), and (3) data it derives (a “Fitness Score,” injury-risk flag, and personalized training-plan recommendations generated by its algorithms).

Marta switches to a competing service, “RunSphere.” She submits a data portability request in PulsePro’s in-app privacy portal asking to (a) receive her portable data in a structured, commonly used, machine-readable format (e.g., JSON/CSV) and (b) have PulsePro transmit the same dataset directly to RunSphere via RunSphere’s published API endpoint. PulsePro replies that it can export a PDF report only, refuses direct transfer “as a policy,” and says it will include everything it has, including the Fitness Score and injury-risk flag, but will not separate user-provided/observed data from derived analytics. PulsePro also notes that workout entries sometimes mention training partners’ names.

Yes/No Question:
Under GDPR Article 20, must PulsePro provide Marta with her portable personal data in a structured, commonly used, machine-readable format and, where technically feasible, transmit those data directly to RunSphere at her request (without hindrance)?",,article_20,,
scenario_280,drafterAgent,"Marta uses “PulseTrack,” a paid fitness app run by FitCloud GmbH. She signed up through the app and pays a monthly subscription (contract) to store her workout history and sync data from her smartwatch. PulseTrack processes her personal data by automated means: it continuously imports step count, heart rate, sleep duration, GPS running routes, and manual entries (weight and calories) via APIs, then displays dashboards. It also generates derived insights such as a “Fitness Score,” predicted VO2max, and personalized training recommendations.

Marta wants to switch to a competing service, “TrainZen.” She submits an in-app request asking FitCloud to (1) provide her data in a structured, commonly used, machine-readable format (e.g., JSON/CSV plus GPX for routes), and (2) transmit it directly to TrainZen via TrainZen’s import endpoint. She specifies she wants: account profile details, subscription status, device identifiers, raw/observed smartwatch metrics (heart rate, steps, sleep), GPS route files, and her manually entered logs. She also asks for the Fitness Score history and VO2max predictions.

FitCloud replies it can export a PDF report “for readability,” refuses direct transfer “as a policy,” and says it will not include analytics because they are “company IP.” Some GPS routes include group runs where other runners’ names appear in shared route titles.

Yes/No Question:  
Under GDPR Article 20, must FitCloud provide Marta (without hindrance) her portable personal data processed under the subscription/consent by automated means in a structured, commonly used, machine-readable format, and—if technically feasible—send those data directly to TrainZen upon her request?",,article_20,,
scenario_299,drafterAgent,"A Berlin-based telepharmacy app, “MediNow,” lets customers order prescription medicines for same‑day delivery. A user creates an account (name, email, phone, password), uploads an e‑prescription token, enters delivery address, and pays by card. MediNow processes the order to (i) validate the e‑prescription with the national e‑prescription service, (ii) dispense the medicine through its partner pharmacy, (iii) take payment via a payment service provider, and (iv) hand the parcel to a courier. For delivery, the courier receives the customer’s name, address, phone number, and an order reference number; it does not receive prescription details.

MediNow also retains invoices and dispensing logs for 10 years to meet German pharmacy/tax recordkeeping rules and to handle product recalls. Separately, MediNow runs automated fraud checks on orders (device ID, IP address, payment risk score) to prevent chargebacks; suspicious orders are flagged for manual review. MediNow does not use prescription data for advertising and does not ask for consent for the core ordering workflow; it shows a privacy notice explaining the purposes and bases.

(Assume prescription and dispensing information is health data requiring an Article 9 condition in addition to Article 6, but the question below concerns Article 6 only.)

Yes/No Question:
For these processing activities (account setup, prescription validation, payment, delivery sharing, legal retention, and fraud prevention), does MediNow have at least one lawful basis under GDPR Article 6(1)(a)-(f)?",,article_6,,
scenario_305,drafterAgent,"A mid-sized online retailer in Germany, “Nordlicht Home,” sells furniture and home accessories through its website. Customers create an account and place orders for delivery across the EU. During checkout, Nordlicht Home collects the customer’s name, delivery address, email, phone number (optional), payment token from its payment provider, and order history. It uses this data to (1) confirm the order by email, (2) arrange shipment with DHL (sharing name, address, and phone if provided), (3) handle returns and warranty claims for up to 24 months, and (4) keep invoices and transaction records for 10 years to meet German tax and accounting retention rules.

Nordlicht Home also wants to reduce fraud and chargebacks. It runs an automated risk check that analyzes order value, delivery country, IP address, device identifiers, and past chargeback history. Orders flagged as high risk are held for manual review by a fraud team. The company does not use this fraud data for marketing, and it limits access to the fraud tool to trained staff. Customers are informed in the privacy notice that fraud prevention is performed and that certain data is shared with the payment provider and shipping carrier.

A customer complains that Nordlicht Home never asked for consent for the fraud screening and long-term invoice storage, and demands the company stop processing their data beyond shipping the current order.

Yes/No Question:
Under GDPR Article 6, is Nordlicht Home’s processing lawful without consent because it is necessary for contract performance, legal obligations (tax retention), and/or legitimate interests (fraud prevention)?",,article_6,,
scenario_306,drafterAgent,"A mid-sized online pharmacy in Germany, “MediShip,” offers same-day delivery of prescription medications in Berlin. Customers create an account, upload a photo of their prescription, and choose a delivery window. To fulfill orders, MediShip processes: name, address, phone number, date of birth, prescription details (medication, dosage), and payment information. The prescription image is stored for 30 days to handle pharmacist verification and potential returns; order records (including medication name and quantity) are retained for 10 years to meet tax and pharmacy recordkeeping rules.  

MediShip uses a third-party courier service. For each delivery, MediShip shares the customer’s name, address, phone number, and delivery instructions with the courier via an API. The courier contract prohibits using the data for marketing and requires deletion within 7 days. MediShip also runs fraud prevention: it logs IP address, device identifier, and failed payment attempts, and uses an automated risk score to block suspicious transactions. Customers are informed in the privacy notice, but MediShip does not ask for separate opt-in consent for fraud checks or courier sharing.  

A customer complains that their prescription and contact data were processed and shared without explicit consent and asks MediShip to stop all processing except what is “strictly required.” MediShip argues the processing is necessary to deliver the medicines and comply with legal retention duties, and that fraud prevention is a legitimate interest.

Yes/No Question:  
Under GDPR Article 6, is MediShip’s processing lawful without explicit consent because it is necessary for contract performance, legal obligations, and/or legitimate interests?",,article_6,,
scenario_317,drafterAgent,"A mid-sized online pharmacy in Germany, “MediShip,” sells prescription refills and over-the-counter products. Customers create an account, upload a prescription, and choose home delivery. To prevent fraud and comply with national medicines regulations, MediShip verifies identity by collecting the customer’s full name, date of birth, delivery address, and a scan of a government ID. It also stores prescription details (medicine name, dosage, prescribing doctor, and issue date) and records order history for 6 years. Payments are processed by a third-party payment provider; MediShip sends the provider the customer’s name, billing address, order total, and transaction reference, but not prescription details.

MediShip additionally uses a risk-scoring tool to flag suspicious orders (e.g., unusually frequent controlled-substance refills or mismatched addresses). The tool uses account age, number of failed payment attempts, delivery address history, and prior chargebacks. Customers are informed in the privacy notice that fraud prevention and regulatory compliance require certain data, and they cannot complete an order without providing it. MediShip does not ask for consent for identity verification or retention, stating these steps are “mandatory for safe dispensing and legal compliance.” A customer complains, arguing MediShip must rely on consent and that they should be able to refuse ID upload while still purchasing.

Yes/No Question:
Under GDPR Article 6, can MediShip lawfully process and retain the customer’s identity and prescription data without consent because it is necessary for contract performance and/or compliance with a legal obligation?",,article_6,,
scenario_318,drafterAgent,"A mid-sized online pharmacy in Germany, “MediDrop GmbH,” offers same-day delivery of prescription medications in Berlin. Customers create an account, upload a photo of their prescription, and choose a delivery time window. MediDrop collects and stores: name, address, date of birth, phone number, email, prescription image (including medication and dosage), and payment details. To prevent fraud and ensure safe dispensing, MediDrop also logs IP address, device identifiers, and order history.  

MediDrop uses three processors: a cloud hosting provider (stores account and prescription images in an EU data center), a payment service provider (processes card payments), and a courier company (receives name, address, phone number, and delivery instructions). The courier does not receive the prescription image or medication details; packages are labeled only with the customer’s name and address.  

MediDrop retains prescription images for 10 years, citing German pharmacy recordkeeping rules, and keeps delivery logs for 12 months to handle complaints and chargebacks. Marketing emails are sent only if the customer ticks an unchecked box during checkout. Separately, MediDrop runs an internal analytics tool to measure delivery performance using pseudonymized customer IDs, but it can re-identify users if needed for customer support.  

A customer complains that storing prescription images for 10 years and sharing their phone number with the courier is “unnecessary” and asks on what legal basis MediDrop processes this data.

Yes/No Question:  
Under GDPR Article 6, is MediDrop’s processing (including long-term prescription retention and sharing contact details with the courier) lawful because at least one valid legal basis applies?",,article_6,,
scenario_320,drafterAgent,"A mid-sized online pharmacy in Germany, “MediDirect,” offers same-day delivery of prescription medicines in Berlin. Customers create an account, upload a photo of their prescription, and choose delivery times. To fulfill orders, MediDirect processes: name, address, phone number, date of birth, prescription details (medicine name, dosage), and payment information. The prescription image is stored for 30 days to handle returns and pharmacist follow-up questions, then deleted. Order records (including prescription details) are retained for 10 years to meet German pharmacy and tax recordkeeping rules.

MediDirect uses a third-party courier platform. The courier receives only the customer’s name, address, phone number, and delivery window—no prescription details. Internally, MediDirect’s pharmacists access prescription data to verify authenticity and check for contraindications. MediDirect also runs fraud prevention: it flags accounts with repeated chargebacks and compares delivery addresses against a list of known reshipping locations. This fraud system uses account identifiers, payment tokens, IP address, and order history. Customers are informed in the privacy notice, but MediDirect does not ask for separate consent for fraud checks, arguing it is necessary to prevent losses and protect other customers.

A customer complains that fraud screening and 30-day prescription image storage are “optional” and should require explicit consent, and asks MediDirect to stop those activities while still allowing purchases.

Yes/No Question:
Under GDPR Article 6, can MediDirect lawfully process the customer’s data for contract fulfillment, legal retention, and fraud prevention without obtaining separate consent?",,article_6,,
scenario_321,drafterAgent,"A mid-sized online pharmacy in Germany, “MediCart,” offers same-day delivery of prescription medicines in Berlin. Customers create an account, upload a photo of their prescription, and choose a delivery slot. To fulfill orders, MediCart collects and processes: name, delivery address, phone number, date of birth (to verify age), prescription image (revealing health data), payment details, and order history. MediCart shares the minimum necessary data with (1) a contracted courier company (name, address, phone, delivery instructions) and (2) a licensed partner pharmacy that dispenses the medicine (full prescription and customer identifiers).  

MediCart also runs fraud prevention. It uses an automated tool that flags orders based on device ID, IP address, failed payment attempts, and unusually high-value prescriptions. Flagged orders are reviewed by staff before dispatch. MediCart does not ask for separate consent for fraud checks; it states in its privacy notice that fraud prevention is required to protect the business and customers.  

Separately, German pharmacy law requires MediCart to retain prescription and dispensing records for 10 years for audit purposes. Customers can delete their accounts, but MediCart keeps the legally required records and restricts access to compliance staff only.

Yes/No Question:  
Is MediCart’s processing of customer data for order fulfillment, legally required record retention, and fraud prevention lawful under GDPR Article 6 based on contract necessity, legal obligation, and/or legitimate interests (without relying on separate consent)?",,article_6,,
scenario_323,drafterAgent,"NordRoute Logistics operates a fleet of hazardous-goods trucks in Germany. After two near-miss incidents, the company introduces a “Safety Fitness” program for all drivers. HR emails a mandatory online questionnaire that asks drivers to disclose specific medical diagnoses (e.g., epilepsy, depression, diabetes), current medications and side effects, past substance-dependency treatment, and whether they have ever taken sick leave for “mental health reasons.” Drivers are told that failure to complete the form will result in temporary removal from driving duties and loss of shift premiums.

The questionnaire responses are automatically stored in each employee’s personnel file in the HR system for five years. An HR administrator reviews the answers, flags “high-risk” drivers, and shares a summary with the driver’s line manager to decide whether the driver can be assigned to night shifts or hazardous routes. NordRoute does not involve an occupational physician; no health professional bound by medical secrecy reviews the data. The company has not identified a specific German/EU legal provision requiring collection of diagnoses (it cites “general duty of care” and “road safety”), and it does not document why less intrusive measures (e.g., fitness certificates from an occupational doctor) would be insufficient. Access is granted to HR staff and line managers; there is no separate restricted medical record.

Yes/No Question:
Under GDPR Article 9, may NordRoute lawfully process these health and mental-health details in this way for determining fitness for safety-critical driving assignments?",,article_9,,
scenario_352,drafterAgent,"GreenBite, a meal-kit company in Berlin, launches a mobile app that lets customers manage deliveries. During account creation, users must provide name, delivery address, email, phone number, and payment details to fulfill orders. After signup, a screen titled “Improve your experience” appears with two separate toggles (both OFF by default): (1) “Send me marketing emails and SMS about GreenBite offers,” and (2) “Allow personalized ads using my in-app activity and precise location.” Each toggle has a short summary and a “Learn more” link explaining purposes, data types (purchase history, browsing in the app, GPS location), recipients (MailJet for messaging; AdSphere for ad targeting), retention (12 months), and that refusal won’t affect ordering.

To proceed, the user must tap “Continue” (ordering is still available regardless of toggle choices). If a user turns on a toggle, the app records a consent log: user ID, timestamp, consent text version, toggle selected, device ID, and IP address. In the settings menu, there is a “Privacy & Consents” page where users can withdraw each consent with a single tap; withdrawal takes effect immediately and is confirmed by email. However, on the checkout page, a banner says “Get 10% off—enable marketing messages,” and the “Enable” button is prominent while the “No thanks” link is smaller but present. No pre-ticked boxes are used.

Yes/No Question:
Does GreenBite’s approach meet GDPR Article 7 conditions for valid consent (including demonstrability and easy withdrawal) for marketing and personalized ads?",,article_7,,
scenario_362,drafterAgent,"A mid-sized online retailer, “NordicTrail Gear,” uses a CRM to manage customer accounts, order history, and marketing preferences. The CRM stores names, email addresses, shipping addresses, purchase records, and a “fraud risk score” generated by an automated tool. After a recent order, customer Lina M. notices her account shows an old address and a high fraud risk score. She contacts support, stating the address is incorrect and that she has never had a chargeback. NordicTrail explains the fraud score is used to decide whether to require additional identity checks and to delay shipment for manual review. Lina provides proof of her current address and asks the company to stop using the fraud score and address data for any decisions until the information is verified.

At the same time, NordicTrail’s marketing team continues to process CRM data to send promotional emails and to build “high-risk customer” segments for targeted offers. Lina submits a formal request citing GDPR and asks for “restriction of processing” while the company investigates the accuracy of her address and the basis for the fraud score. NordicTrail says it can “note the complaint” but refuses to restrict processing because the data is “needed for business operations,” and it continues automated risk-based order screening on her account.

Yes/No Question:  
Under GDPR Article 18, must NordicTrail restrict processing of Lina’s contested personal data (e.g., address and fraud risk score) while verifying its accuracy?",,article_18,,
scenario_367,drafterAgent,"A mid-sized online electronics retailer, BrightCart GmbH, operates in Germany and uses a third-party fraud-prevention service to score transactions based on customer identity and past chargeback signals. After a €1,200 laptop purchase, BrightCart’s system flags customer Lena Fischer as “high risk” and automatically blocks shipment. Lena contacts support and discovers BrightCart’s customer profile lists her date of birth and previous address incorrectly—data that came from a data-broker enrichment feed used to “verify identity” and reduce fraud. Lena explains she moved two years ago and provides proof of her current address and ID, and she formally contests the accuracy of the stored data.

BrightCart says it will “look into it” within 30 days but, meanwhile, keeps using the contested profile to (1) run repeated fraud checks, (2) share the profile with its fraud-prevention vendor for model training, and (3) apply an internal “do-not-ship” rule to any future orders linked to Lena’s email address. Lena submits a written request asking BrightCart to restrict processing of her personal data while the accuracy dispute is investigated, allowing only storage and any processing necessary to establish her position if a complaint is filed with the supervisory authority. She specifically asks BrightCart to stop sharing her data with the fraud vendor and to stop automated risk scoring until the data is corrected or confirmed.

Yes/No Question:  
Under GDPR Article 18, must BrightCart restrict processing of Lena’s personal data while verifying the accuracy she has contested?",,article_18,,
scenario_383,drafterAgent,"[Situation description with relevant details]

Marta uses “FitPulse,” a fitness-tracking app run by FitPulse GmbH. She pays for a premium subscription, and FitPulse processes her data to provide the service under the subscription contract. When she installed the app, she also gave consent for optional processing of precise GPS location to generate route maps. FitPulse’s processing is fully automated: the app continuously collects step counts, heart-rate readings from her smartwatch, GPS tracks during runs, workout timestamps, and device identifiers, then stores them in her account dashboard.

Marta wants to switch to a competing app, “ActiveTrack,” and asks FitPulse for (1) a downloadable export of her personal data in a structured, commonly used, machine-readable format (e.g., JSON/CSV) and (2) direct transmission of the same dataset to ActiveTrack. She specifies she needs her profile details, workout history, heart-rate time series, GPS routes, and activity logs. She also asks for FitPulse’s “Performance Score” and a prediction of her 10K race time.

FitPulse offers only a human-readable PDF summary of monthly statistics and refuses to send data directly, saying it would be “too burdensome” and that it does not “support ActiveTrack’s format.” FitPulse also refuses to include the Performance Score and 10K prediction, calling them proprietary analytics. ActiveTrack provides a documented import endpoint and says it can accept standard JSON exports if FitPulse can generate them.

Yes/No Question:
Under GDPR Article 20, must FitPulse provide Marta with her portable personal data (e.g., profile and raw/observed workout, heart-rate, and GPS logs) in a structured, commonly used, machine-readable format and allow her to transmit it to ActiveTrack without hindrance (and transmit it directly if technically feasible)?",,article_20,,
scenario_386,drafterAgent,"A customer, Elena, has used “PulseTrack,” a subscription fitness app, for three years. She created an account with her email and phone number and actively logged workouts, heart-rate data from her connected smartwatch, weight entries, sleep duration, and GPS running routes. PulseTrack processes this data to provide training plans, progress charts, and personalized recommendations. The app also stores account details (name, date of birth, billing address), subscription history, and device identifiers. Elena gave consent to connect her smartwatch and enable location tracking; she can toggle both features in settings. PulseTrack uses a cloud analytics provider as a processor and keeps raw activity data indefinitely unless the user deletes it.  

Elena decides to switch to a competing service, “StridePro,” which advertises better coaching. She submits a request through PulseTrack’s privacy portal asking for: (1) a copy of all personal data she provided or that was observed from her use (including GPS routes and heart-rate time series) in a structured, commonly used, machine-readable format (e.g., JSON/CSV), and (2) direct transfer of that dataset to StridePro via an API endpoint StridePro provides. PulseTrack replies that it can only offer PDF reports and refuses direct transmission, saying exporting raw data is “not supported” and that sharing it would reveal proprietary analytics.

Yes/No Question:  
Under GDPR Article 20, must PulseTrack provide Elena’s personal data in a structured, commonly used, machine-readable format and, where technically feasible, transmit it directly to StridePro without hindrance?",,article_20,,
scenario_387,drafterAgent,"Marta lives in Spain and has used “FitPulse,” a subscription fitness app, for three years. FitPulse tracks her workouts via her smartwatch, stores heart-rate and sleep metrics, logs GPS running routes, and keeps her profile details (name, email, age, height, weight), subscription history, and in-app messages with coaches. FitPulse processes this data to provide personalized training plans and weekly progress reports. Marta originally created her account by entering her details and connecting her smartwatch; the app continuously collects sensor and location data while she uses it. FitPulse stores the data in its own database and uses an analytics provider to generate performance insights, but FitPulse remains the controller.

Marta wants to switch to a competing service, “RunBetter,” which offers a different coaching model. She emails FitPulse requesting: (1) a copy of all personal data she provided and that was observed from her use (including raw heart-rate, sleep, and GPS route files) in a structured, commonly used, machine-readable format (e.g., CSV/JSON/GPX), and (2) direct transmission of that data to RunBetter via an API endpoint RunBetter provides. FitPulse replies that it can only send PDF summaries of her weekly reports and refuses direct transfer, stating that exporting raw data and integrating with another company would be “too burdensome” and could reveal proprietary analytics.

Yes/No Question:
Under GDPR Article 20, does Marta have the right to receive her personal data in a machine-readable format and request that FitPulse transmit it directly to RunBetter where technically feasible?",,article_20,,
scenario_389,drafterAgent,"[Situation description with relevant details]

Nina uses “MealMap,” a paid nutrition and fitness app, under a monthly subscription contract. She created an account with her name, email, age, height, allergies, and payment history. Over 18 months she also logged meals, scanned barcodes, uploaded photos of dishes, recorded daily weigh-ins, and synced step counts and heart-rate data from her smartwatch. MealMap processes this information by automated means to generate features like “Metabolic Efficiency Score,” weekly predictions, and personalized meal recommendations.

Nina wants to switch to a competing service, “NutriTrack,” which offers an import tool. She submits a data portability request asking MealMap to (1) provide her data in a structured, commonly used, machine-readable format (e.g., JSON/CSV), and (2) directly transmit the same dataset to NutriTrack via NutriTrack’s documented API endpoint. She specifies she needs raw logs (meal entries, timestamps, barcode IDs, photos, device data, weigh-ins) and account/subscription details. She also asks for the Metabolic Efficiency Score history and the recommendation rationale.

MealMap replies that it can only provide a PDF “account report,” refuses direct transfer as “not supported,” and declines to include scores/recommendations as “proprietary.” It notes some meal photos include other people and some entries reference a roommate’s health issues.

Yes/No Question:
Under GDPR Article 20, must MealMap provide Nina a portable, machine-readable copy of the personal data she provided/that was observed from her use (and, where technically feasible, transmit it directly to NutriTrack), even if it can exclude derived analytics and third-party-related content?",,article_20,,
